{
    "loss": 0.01561088114976883,
    "accuracy": 0.9939939975738525,
    "precision": 0.9940622793335971,
    "recall": 0.993993993993994,
    "f1_score": 0.9939754129453237
}