{
    "loss": 0.056045010685920715,
    "accuracy": 0.9789789915084839,
    "precision": 0.9798474872695555,
    "recall": 0.978978978978979,
    "f1_score": 0.9788808463759536
}