{
    "loss": 0.013500005938112736,
    "accuracy": 0.9956647157669067,
    "precision": 0.9957078317386603,
    "recall": 0.9956647398843931,
    "f1_score": 0.995655059167011
}